{"cameraMode":{"drawMode":0,"name":"Shaded","section":"Shading Mode"},"sceneLighting":true,"audioPlay":false,"sceneViewState":{"showFog":false,"showMaterialUpdate":false,"showSkybox":false,"showFlares":false,"showImageEffects":false,"showParticleSystems":false},"in2DMode":false,"pivot":{"x":-1.6173095703125,"y":-9.654129028320313,"z":22.470558166503908},"rotation":{"x":-0.25865477323532107,"y":0.7352595329284668,"z":-0.3844769299030304,"w":-0.4946425259113312},"size":93.18658447265625,"orthographic":false}